"Customer Questions","Customer Questions"
"Question by","Question by"
"Posted on","Posted on"
"Write Your Question","Write Your Question"
"Only registered users can write questions. Please <a href=""%1"">Sign in</a> or <a href=""%2"">create an account</a>","Only registered users can write questions. Please <a href=""%1"">Sign in</a> or <a href=""%2"">create an account</a>"
"Question","Question"
"* Required Fields","* Required Fields"
"Submit Question","Submit Question"
"You have no submmited questions.","You have no submmited questions."
"FAQ %1","FAQ %1"
FAQ,FAQ